<?xml version="1.0" encoding="UTF-8"?>
<metadata xml:lang="en"><Esri><CreaDate>20180404</CreaDate><CreaTime>13322400</CreaTime><SyncOnce>FALSE</SyncOnce><SyncDate>20180404</SyncDate><SyncTime>13231500</SyncTime><ModDate>20180404</ModDate><ModTime>13231500</ModTime><DataProperties><lineage><Process ToolSource="C:\Program Files\ArcGIS\ArcToolbox\Toolboxes\Conversion Tools.tbx\FeatureClassToFeatureClass" Date="20090211" Time="132930">FeatureClassToFeatureClass lrdw\fadm_tsa\fadm_tsa.shp "Database Connections\ARSV.sde\SDE.BC_base" BC_TIMBER_SUPPLY # "OBJ_VRSKEY OBJ_VRSKEY true false false 31 Double 15 30 ,First,#,lrdw\fadm_tsa\fadm_tsa.shp,OBJ_VRSKEY,-1,-1;FEATURE_ID FEATURE_ID true false false 32 Text 0 0 ,First,#,lrdw\fadm_tsa\fadm_tsa.shp,FEATURE_ID,-1,-1;TSA_NUMBER TSA_NUMBER true false false 30 Text 0 0 ,First,#,lrdw\fadm_tsa\fadm_tsa.shp,TSA_NUMBER,-1,-1;TSB_NUMBER TSB_NUMBER true false false 30 Text 0 0 ,First,#,lrdw\fadm_tsa\fadm_tsa.shp,TSB_NUMBER,-1,-1;MD_DSRC_CD MD_DSRC_CD true false false 10 Text 0 0 ,First,#,lrdw\fadm_tsa\fadm_tsa.shp,MD_DSRC_CD,-1,-1;MD_CAP_MCD MD_CAP_MCD true false false 10 Text 0 0 ,First,#,lrdw\fadm_tsa\fadm_tsa.shp,MD_CAP_MCD,-1,-1;MD_ACC_CD MD_ACC_CD true false false 3 Text 0 0 ,First,#,lrdw\fadm_tsa\fadm_tsa.shp,MD_ACC_CD,-1,-1;MD_OBS_DAT MD_OBS_DAT true false false 20 Text 0 0 ,First,#,lrdw\fadm_tsa\fadm_tsa.shp,MD_OBS_DAT,-1,-1;MD_RET_DAT MD_RET_DAT true false false 20 Text 0 0 ,First,#,lrdw\fadm_tsa\fadm_tsa.shp,MD_RET_DAT,-1,-1;MD_COMMENT MD_COMMENT true false false 254 Text 0 0 ,First,#,lrdw\fadm_tsa\fadm_tsa.shp,MD_COMMENT,-1,-1;UD_USER_ID UD_USER_ID true false false 32 Text 0 0 ,First,#,lrdw\fadm_tsa\fadm_tsa.shp,UD_USER_ID,-1,-1;UD_TMSTMP UD_TMSTMP true false false 20 Text 0 0 ,First,#,lrdw\fadm_tsa\fadm_tsa.shp,UD_TMSTMP,-1,-1;FE_CLSKEY FE_CLSKEY true false false 11 Double 0 11 ,First,#,lrdw\fadm_tsa\fadm_tsa.shp,FE_CLSKEY,-1,-1;OBJECTID OBJECTID true false false 11 Double 0 11 ,First,#,lrdw\fadm_tsa\fadm_tsa.shp,OBJECTID,-1,-1" # "Database Connections\ARSV.sde\SDE.BC_base\SDE.BC_TIMBER_SUPPLY"</Process><Process ToolSource="c:\program files (x86)\arcgis\desktop10.5\ArcToolbox\Toolboxes\Data Management Tools.tbx\Merge" Date="20180322" Time="144258">Merge BC_TSA_NAME;Polys_noNWT_Clipped C:\Projects\Bandaloop\Polygons.gdb\Polys_noNWT_Clipped1 "TSA_NUMBER "TSA_NUMBER" true true false 30 Text 0 0 ,First,#,BC_TSA_NAME,TSA_NUMBER,-1,-1;TSA_NAME "TSA_NAME" true true false 100 Text 0 0 ,First,#,BC_TSA_NAME,TSA_NAME,-1,-1;SHAPE_Length "SHAPE_Length" false true true 8 Double 0 0 ,First,#,BC_TSA_NAME,SHAPE_Length,-1,-1,Polys_noNWT_Clipped,Shape_Length,-1,-1;SHAPE_Area "SHAPE_Area" false true true 8 Double 0 0 ,First,#,BC_TSA_NAME,SHAPE_Area,-1,-1,Polys_noNWT_Clipped,Shape_Area,-1,-1;TIMBER_SUP "TIMBER_SUP" true true false 25 Text 0 0 ,First,#,Polys_noNWT_Clipped,TIMBER_SUP,-1,-1;FOREST_NAM "FOREST_NAM" true true false 25 Text 0 0 ,First,#,Polys_noNWT_Clipped,FOREST_NAM,-1,-1;CREATED_US "CREATED_US" true true false 254 Text 0 0 ,First,#,Polys_noNWT_Clipped,CREATED_US,-1,-1;LAST_EDITE "LAST_EDITE" true true false 254 Text 0 0 ,First,#,Polys_noNWT_Clipped,LAST_EDITE,-1,-1;UD_USER_ID "UD_USER_ID" true true false 32 Text 0 0 ,First,#,Polys_noNWT_Clipped,UD_USER_ID,-1,-1;Name "Name" true true false 150 Text 0 0 ,First,#,Polys_noNWT_Clipped,Name,-1,-1"</Process><Process ToolSource="c:\program files (x86)\arcgis\desktop10.5\ArcToolbox\Toolboxes\Analysis Tools.tbx\Clip" Date="20180322" Time="144511">Clip Polys_noNWT_Clipped1 Study_Area_lcc C:\Projects\Bandaloop\Polygons.gdb\Polys_noNWT_Clipped2 #</Process><Process ToolSource="c:\program files (x86)\arcgis\desktop10.5\ArcToolbox\Toolboxes\Data Management Tools.tbx\Merge" Date="20180322" Time="150618">Merge Polys_noNWT_Clipped2;NWT3;NWT2 C:\Projects\Bandaloop\Polygons.gdb\FMA_Boundaries "Name "Name" true true false 150 Text 0 0 ,First,#,Polys_noNWT_Clipped2,Name,-1,-1,NWT3,Name,-1,-1,NWT2,Name,-1,-1;Shape_Length "Shape_Length" false true true 8 Double 0 0 ,First,#,Polys_noNWT_Clipped2,Shape_Length,-1,-1,NWT3,Shape_Length,-1,-1,NWT2,Shape_Length,-1,-1;Shape_Area "Shape_Area" false true true 8 Double 0 0 ,First,#,Polys_noNWT_Clipped2,Shape_Area,-1,-1,NWT3,Shape_Area,-1,-1,NWT2,Shape_Area,-1,-1"</Process><Process ToolSource="c:\program files (x86)\arcgis\desktop10.5\ArcToolbox\Toolboxes\Data Management Tools.tbx\Project" Date="20180322" Time="150929">Project FMA_Boundaries C:\Projects\Bandaloop\Polygons.gdb\FMA_Boundaries_lcc PROJCS['LCC1',GEOGCS['GCS_North_American_1983',DATUM['D_North_American_1983',SPHEROID['GRS_1980',6378137.0,298.257222101]],PRIMEM['Greenwich',0.0],UNIT['Degree',0.0174532925199433]],PROJECTION['Lambert_Conformal_Conic'],PARAMETER['False_Easting',0.0],PARAMETER['False_Northing',0.0],PARAMETER['Central_Meridian',-95.0],PARAMETER['Standard_Parallel_1',49.0],PARAMETER['Standard_Parallel_2',77.0],PARAMETER['Scale_Factor',1.0],PARAMETER['Latitude_Of_Origin',0.0],UNIT['Meter',1.0]] # PROJCS['NAD_1983_UTM_Zone_11N',GEOGCS['GCS_North_American_1983',DATUM['D_North_American_1983',SPHEROID['GRS_1980',6378137.0,298.257222101]],PRIMEM['Greenwich',0.0],UNIT['Degree',0.0174532925199433]],PROJECTION['Transverse_Mercator'],PARAMETER['False_Easting',500000.0],PARAMETER['False_Northing',0.0],PARAMETER['Central_Meridian',-117.0],PARAMETER['Scale_Factor',0.9996],PARAMETER['Latitude_Of_Origin',0.0],UNIT['Meter',1.0]] NO_PRESERVE_SHAPE # NO_VERTICAL</Process><Process ToolSource="c:\program files (x86)\arcgis\desktop10.5\ArcToolbox\Toolboxes\Conversion Tools.tbx\FeatureClassToFeatureClass" Date="20180404" Time="132316">FeatureClassToFeatureClass FMA_Boudary F:\Bandaloop_New\Bandaloop\Shapes\NewRequest\NewReq.gdb FMA_Boudary # "OBJECTID "OBJECTID" true true false 10 Long 0 10 ,First,#,FMA_Boudary,OBJECTID,-1,-1;Name "Name" true true false 150 Text 0 0 ,First,#,FMA_Boudary,Name,-1,-1;Shape_Leng "Shape_Leng" true true false 19 Double 0 0 ,First,#,FMA_Boudary,Shape_Leng,-1,-1;Shape_Area "Shape_Area" true true false 19 Double 0 0 ,First,#,FMA_Boudary,Shape_Area,-1,-1" #</Process></lineage><itemProps><itemLocation><linkage Sync="TRUE">file://\\W0030\F$\Bandaloop_New\Bandaloop\Shapes\NewRequest\NewReq.gdb</linkage><protocol Sync="TRUE">Local Area Network</protocol></itemLocation><itemName Sync="TRUE">FMA_Boudary</itemName><imsContentType Sync="TRUE">002</imsContentType></itemProps><coordRef><type Sync="TRUE">Projected</type><geogcsn Sync="TRUE">GCS_North_American_1983</geogcsn><csUnits Sync="TRUE">Linear Unit: Meter (1.000000)</csUnits><projcsn Sync="TRUE">LCC1</projcsn><peXml Sync="TRUE">&lt;ProjectedCoordinateSystem xsi:type='typens:ProjectedCoordinateSystem' xmlns:xsi='http://www.w3.org/2001/XMLSchema-instance' xmlns:xs='http://www.w3.org/2001/XMLSchema' xmlns:typens='http://www.esri.com/schemas/ArcGIS/10.5'&gt;&lt;WKT&gt;PROJCS[&amp;quot;LCC1&amp;quot;,GEOGCS[&amp;quot;GCS_North_American_1983&amp;quot;,DATUM[&amp;quot;D_North_American_1983&amp;quot;,SPHEROID[&amp;quot;GRS_1980&amp;quot;,6378137.0,298.257222101]],PRIMEM[&amp;quot;Greenwich&amp;quot;,0.0],UNIT[&amp;quot;Degree&amp;quot;,0.0174532925199433]],PROJECTION[&amp;quot;Lambert_Conformal_Conic&amp;quot;],PARAMETER[&amp;quot;False_Easting&amp;quot;,0.0],PARAMETER[&amp;quot;False_Northing&amp;quot;,0.0],PARAMETER[&amp;quot;Central_Meridian&amp;quot;,-95.0],PARAMETER[&amp;quot;Standard_Parallel_1&amp;quot;,49.0],PARAMETER[&amp;quot;Standard_Parallel_2&amp;quot;,77.0],PARAMETER[&amp;quot;Scale_Factor&amp;quot;,1.0],PARAMETER[&amp;quot;Latitude_Of_Origin&amp;quot;,0.0],UNIT[&amp;quot;Meter&amp;quot;,1.0]]&lt;/WKT&gt;&lt;XOrigin&gt;-34655800&lt;/XOrigin&gt;&lt;YOrigin&gt;-23416500&lt;/YOrigin&gt;&lt;XYScale&gt;10000&lt;/XYScale&gt;&lt;ZOrigin&gt;-100000&lt;/ZOrigin&gt;&lt;ZScale&gt;10000&lt;/ZScale&gt;&lt;MOrigin&gt;-100000&lt;/MOrigin&gt;&lt;MScale&gt;10000&lt;/MScale&gt;&lt;XYTolerance&gt;0.001&lt;/XYTolerance&gt;&lt;ZTolerance&gt;0.001&lt;/ZTolerance&gt;&lt;MTolerance&gt;0.001&lt;/MTolerance&gt;&lt;HighPrecision&gt;true&lt;/HighPrecision&gt;&lt;/ProjectedCoordinateSystem&gt;</peXml></coordRef><copyHistory><copy source="S:\Projects\Bandaloop_Landscape\Y062\Execution\Geospatial\Data\FMABoundary\FMA_Boudary" dest="\\storage.silvacom.com\data\Projects\Bandaloop_Landscape\Y062\Execution\Geospatial\Data\Shapefiles\FMA_Boudary" date="20180327" time="11293900"></copy></copyHistory></DataProperties><ArcGISFormat>1.0</ArcGISFormat><ArcGISstyle>FGDC CSDGM Metadata</ArcGISstyle></Esri><idinfo><native Sync="TRUE">Microsoft Windows XP Version 5.1 (Build 2600) Service Pack 2; ESRI ArcCatalog 9.2.5.1450</native><descript><langdata Sync="TRUE">en</langdata><abstract>REQUIRED: A brief narrative summary of the data set.</abstract><purpose>REQUIRED: A summary of the intentions with which the data set was developed.</purpose></descript><citation><citeinfo><origin>REQUIRED: The name of an organization or individual that developed the data set.</origin><pubdate>REQUIRED: The date when the data set is published or otherwise made available for release.</pubdate><title Sync="TRUE">SDE.BC_TIMBER_SUPPLY</title><ftname Sync="TRUE">SDE.BC_TIMBER_SUPPLY</ftname><geoform Sync="TRUE">vector digital data</geoform><onlink Sync="TRUE">Server=arcsde.isogis.silvacom.com; Service=arsv; Database=arsv; User=SDE; Version=SDE.DEFAULT</onlink></citeinfo></citation><timeperd><current>REQUIRED: The basis on which the time period of content information is determined.</current><timeinfo><sngdate><caldate>REQUIRED: The year (and optionally month, or month and day) for which the data set corresponds to the ground.</caldate></sngdate></timeinfo></timeperd><status><progress>REQUIRED: The state of the data set.</progress><update>REQUIRED: The frequency with which changes and additions are made to the data set after the initial data set is completed.</update></status><spdom><bounding><westbc Sync="TRUE">REQUIRED: Western-most coordinate of the limit of coverage expressed in longitude.</westbc><eastbc Sync="TRUE">REQUIRED: Eastern-most coordinate of the limit of coverage expressed in longitude.</eastbc><northbc Sync="TRUE">REQUIRED: Northern-most coordinate of the limit of coverage expressed in latitude.</northbc><southbc Sync="TRUE">REQUIRED: Southern-most coordinate of the limit of coverage expressed in latitude.</southbc></bounding></spdom><keywords><theme><themekt>REQUIRED: Reference to a formally registered thesaurus or a similar authoritative source of theme keywords.</themekt><themekey>REQUIRED: Common-use word or phrase used to describe the subject of the data set.</themekey></theme></keywords><accconst>REQUIRED: Restrictions and legal prerequisites for accessing the data set.</accconst><useconst>REQUIRED: Restrictions and legal prerequisites for using the data set after access is granted.</useconst><natvform Sync="TRUE">SDE Feature Class</natvform></idinfo><dataIdInfo><envirDesc Sync="TRUE"> Version 6.2 (Build 9200) ; Esri ArcGIS 10.5.1.7333</envirDesc><dataLang><languageCode Sync="TRUE" value="eng"></languageCode><countryCode value="USA" Sync="TRUE"></countryCode></dataLang><idCitation><resTitle Sync="TRUE">FMA_Boudary</resTitle><presForm><PresFormCd Sync="TRUE" value="005"></PresFormCd></presForm></idCitation><spatRpType><SpatRepTypCd Sync="TRUE" value="001"></SpatRepTypCd></spatRpType></dataIdInfo><metainfo><langmeta Sync="TRUE">en</langmeta><metstdn Sync="TRUE">FGDC Content Standards for Digital Geospatial Metadata</metstdn><metstdv Sync="TRUE">FGDC-STD-001-1998</metstdv><mettc Sync="TRUE">local time</mettc><metc><cntinfo><cntorgp><cntper>REQUIRED: The person responsible for the metadata information.</cntper><cntorg>REQUIRED: The organization responsible for the metadata information.</cntorg></cntorgp><cntaddr><addrtype>REQUIRED: The mailing and/or physical address for the organization or individual.</addrtype><city>REQUIRED: The city of the address.</city><state>REQUIRED: The state or province of the address.</state><postal>REQUIRED: The ZIP or other postal code of the address.</postal></cntaddr><cntvoice>REQUIRED: The telephone number by which individuals can speak to the organization or individual.</cntvoice></cntinfo></metc><metd Sync="TRUE">20090211</metd></metainfo><mdLang><languageCode Sync="TRUE" value="eng"></languageCode><countryCode value="USA" Sync="TRUE"></countryCode></mdLang><mdStanName Sync="TRUE">ISO 19115 Geographic Information - Metadata</mdStanName><mdStanVer Sync="TRUE">DIS_ESRI1.0</mdStanVer><mdChar><CharSetCd Sync="TRUE" value="004"></CharSetCd></mdChar><mdHrLv><ScopeCd Sync="TRUE" value="005"></ScopeCd></mdHrLv><mdHrLvName Sync="TRUE">dataset</mdHrLvName><distinfo><resdesc Sync="TRUE">Downloadable Data</resdesc></distinfo><distInfo><distributor><distorTran><onLineSrc><orDesc Sync="TRUE">002</orDesc><linkage Sync="TRUE">Server=arcsde.isogis.silvacom.com; Service=arsv; Database=arsv; User=SDE; Version=SDE.DEFAULT</linkage><protocol Sync="TRUE">ArcSDE Connection</protocol></onLineSrc></distorTran><distorFormat><formatName Sync="TRUE">SDE Feature Class</formatName></distorFormat></distributor><distFormat><formatName Sync="TRUE">File Geodatabase Feature Class</formatName></distFormat></distInfo><spdoinfo><direct Sync="TRUE">Vector</direct><ptvctinf><esriterm Name="FMA_Boudary"><efeatyp Sync="TRUE">Simple</efeatyp><efeageom code="4" Sync="TRUE"></efeageom><esritopo Sync="TRUE">FALSE</esritopo><efeacnt Sync="TRUE">0</efeacnt><spindex Sync="TRUE">TRUE</spindex><linrefer Sync="TRUE">TRUE</linrefer></esriterm></ptvctinf></spdoinfo><spref><horizsys><cordsysn><geogcsn Sync="TRUE">GCS_North_American_1983</geogcsn><projcsn Sync="TRUE">PCS_Albers</projcsn></cordsysn><planar><planci><plance Sync="TRUE">coordinate pair</plance><plandu Sync="TRUE">meters</plandu><coordrep><absres Sync="TRUE">0.000100</absres><ordres Sync="TRUE">0.000100</ordres></coordrep></planci></planar><geodetic><horizdn Sync="TRUE">North American Datum of 1983</horizdn><ellips Sync="TRUE">Geodetic Reference System 80</ellips><semiaxis Sync="TRUE">6378137.000000</semiaxis><denflat Sync="TRUE">298.257222</denflat></geodetic></horizsys><vertdef><altsys><altenc Sync="TRUE">Explicit elevation coordinate included with horizontal coordinates</altenc><altres Sync="TRUE">0.000100</altres></altsys></vertdef></spref><refSysInfo><RefSystem><refSysID><identCode Sync="TRUE" code="0">PCS_Albers</identCode><idCodeSpace Sync="TRUE">EPSG</idCodeSpace><idVersion Sync="TRUE">6.13(3.0.1)</idVersion></refSysID></RefSystem></refSysInfo><spatRepInfo><VectSpatRep><geometObjs Name="FMA_Boudary"><geoObjTyp><GeoObjTypCd value="002" Sync="TRUE"></GeoObjTypCd></geoObjTyp><geoObjCnt Sync="TRUE">0</geoObjCnt></geometObjs><topLvl><TopoLevCd value="001" Sync="TRUE"></TopoLevCd></topLvl></VectSpatRep></spatRepInfo><eainfo><detailed Name="FMA_Boudary"><enttyp><enttypl Sync="TRUE">FMA_Boudary</enttypl><enttypt Sync="TRUE">Feature Class</enttypt><enttypc Sync="TRUE">0</enttypc></enttyp><attr><attrlabl Sync="TRUE">OBJECTID_1</attrlabl><attalias Sync="TRUE">OBJECTID_1</attalias><attrtype Sync="TRUE">OID</attrtype><attwidth Sync="TRUE">4</attwidth><atprecis Sync="TRUE">0</atprecis><attscale Sync="TRUE">0</attscale><attrdef Sync="TRUE">Internal feature number.</attrdef><attrdefs Sync="TRUE">Esri</attrdefs><attrdomv><udom Sync="TRUE">Sequential unique whole numbers that are automatically generated.</udom></attrdomv></attr><attr><attrlabl Sync="TRUE">OBJECTID</attrlabl><attalias Sync="TRUE">OBJECTID</attalias><attrtype Sync="TRUE">Integer</attrtype><attwidth Sync="TRUE">4</attwidth><atprecis Sync="TRUE">0</atprecis><attscale Sync="TRUE">0</attscale><attrdef Sync="TRUE">Internal feature number.</attrdef><attrdefs Sync="TRUE">Esri</attrdefs><attrdomv><udom Sync="TRUE">Sequential unique whole numbers that are automatically generated.</udom></attrdomv></attr><attr><attrlabl Sync="TRUE">SHAPE</attrlabl><attalias Sync="TRUE">Shape</attalias><attrtype Sync="TRUE">Geometry</attrtype><attwidth Sync="TRUE">0</attwidth><atprecis Sync="TRUE">0</atprecis><attscale Sync="TRUE">0</attscale><attrdef Sync="TRUE">Feature geometry.</attrdef><attrdefs Sync="TRUE">ESRI</attrdefs><attrdomv><udom Sync="TRUE">Coordinates defining the features.</udom></attrdomv></attr><attr><attrlabl Sync="TRUE">Name</attrlabl><attalias Sync="TRUE">Name</attalias><attrtype Sync="TRUE">String</attrtype><attwidth Sync="TRUE">150</attwidth><atprecis Sync="TRUE">0</atprecis><attscale Sync="TRUE">0</attscale></attr><attr><attrlabl Sync="TRUE">Shape_Leng</attrlabl><attalias Sync="TRUE">Shape_Leng</attalias><attrtype Sync="TRUE">Double</attrtype><attwidth Sync="TRUE">8</attwidth><atprecis Sync="TRUE">0</atprecis><attscale Sync="TRUE">0</attscale></attr><attr><attrlabl Sync="TRUE">SHAPE_Length</attrlabl><attalias Sync="TRUE">Shape_Length</attalias><attrtype Sync="TRUE">Double</attrtype><attwidth Sync="TRUE">8</attwidth><atprecis Sync="TRUE">0</atprecis><attscale Sync="TRUE">0</attscale><attrdef Sync="TRUE">Length of feature in internal units.</attrdef><attrdefs Sync="TRUE">Esri</attrdefs><attrdomv><udom Sync="TRUE">Positive real numbers that are automatically generated.</udom></attrdomv></attr><attr><attrlabl Sync="TRUE">SHAPE_Area</attrlabl><attalias Sync="TRUE">Shape_Area</attalias><attrtype Sync="TRUE">Double</attrtype><attwidth Sync="TRUE">8</attwidth><atprecis Sync="TRUE">0</atprecis><attscale Sync="TRUE">0</attscale><attrdef Sync="TRUE">Area of feature in internal units squared.</attrdef><attrdefs Sync="TRUE">Esri</attrdefs><attrdomv><udom Sync="TRUE">Positive real numbers that are automatically generated.</udom></attrdomv></attr></detailed></eainfo><mdDateSt Sync="TRUE">20180404</mdDateSt></metadata>
